date,city,rides
2026-07-01,Boston,113
2026-07-01,Denver,82
2026-07-01,Miami,144
2026-07-02,Boston,117
2026-07-02,Denver,69
2026-07-02,Miami,138
2026-07-03,Boston,122
2026-07-03,Denver,81
2026-07-03,Miami,135
2026-07-04,Boston,137
2026-07-04,Denver,88
2026-07-04,Miami,194
2026-07-05,Boston,144
2026-07-05,Denver,102
2026-07-05,Miami,181
2026-07-06,Boston,128
2026-07-06,Denver,93
2026-07-06,Miami,149
2026-07-07,Boston,125
2026-07-07,Denver,78
2026-07-07,Miami,153
2026-07-08,Boston,127
2026-07-08,Denver,92
2026-07-08,Miami,147
2026-07-09,Boston,112
2026-07-09,Denver,93
2026-07-09,Miami,135
2026-07-10,Boston,133
2026-07-10,Denver,69
2026-07-10,Miami,146
2026-07-11,Boston,147
2026-07-11,Denver,96
2026-07-11,Miami,181
2026-07-12,Boston,147
2026-07-12,Denver,93
2026-07-12,Miami,181
2026-07-13,Boston,109
2026-07-13,Denver,66
2026-07-13,Miami,159
2026-07-14,Boston,111
2026-07-14,Denver,95
2026-07-14,Miami,159
2026-07-15,Boston,110
2026-07-15,Denver,73
2026-07-15,Miami,144
2026-07-16,Boston,124
2026-07-16,Denver,87
2026-07-16,Miami,159
2026-07-17,Boston,121
2026-07-17,Denver,87
2026-07-17,Miami,159
2026-07-18,Boston,150
2026-07-18,Denver,92
2026-07-18,Miami,172
2026-07-19,Boston,159
2026-07-19,Denver,108
2026-07-19,Miami,177
2026-07-20,Boston,121
2026-07-20,Denver,80
2026-07-20,Miami,154
2026-07-21,Boston,109
2026-07-21,Denver,78
2026-07-21,Miami,160
2026-07-22,Boston,123
2026-07-22,Denver,75
2026-07-22,Miami,146
2026-07-23,Boston,112
2026-07-23,Denver,73
2026-07-23,Miami,137
2026-07-24,Boston,124
2026-07-24,Denver,65
2026-07-24,Miami,155
2026-07-25,Boston,136
2026-07-25,Denver,98
2026-07-25,Miami,174
2026-07-26,Boston,136
2026-07-26,Denver,111
2026-07-26,Miami,192
2026-07-27,Boston,118
2026-07-27,Denver,94
2026-07-27,Miami,137
2026-07-28,Boston,133
2026-07-28,Denver,86
2026-07-28,Miami,140
2026-07-29,Boston,123
2026-07-29,Denver,89
2026-07-29,Miami,150
2026-07-30,Boston,129
2026-07-30,Denver,82
2026-07-30,Miami,165
2026-07-31,Boston,107
2026-07-31,Denver,70
2026-07-31,Miami,158
2026-08-01,Boston,135
2026-08-01,Denver,110
2026-08-01,Miami,197
2026-08-02,Boston,164
2026-08-02,Denver,115
2026-08-02,Miami,190
2026-08-03,Boston,114
2026-08-03,Denver,75
2026-08-03,Miami,153
2026-08-04,Boston,134
2026-08-04,Denver,95
2026-08-04,Miami,144
2026-08-05,Boston,113
2026-08-05,Denver,88
2026-08-05,Miami,144
2026-08-06,Boston,110
2026-08-06,Denver,65
2026-08-06,Miami,135
2026-08-07,Boston,129
2026-08-07,Denver,73
2026-08-07,Miami,152
2026-08-08,Boston,146
2026-08-08,Denver,85
2026-08-08,Miami,180
2026-08-09,Boston,140
2026-08-09,Denver,114
2026-08-09,Miami,183
2026-08-10,Boston,106
2026-08-10,Denver,72
2026-08-10,Miami,158
2026-08-11,Boston,119
2026-08-11,Denver,72
2026-08-11,Miami,165
2026-08-12,Boston,133
2026-08-12,Denver,71
2026-08-12,Miami,143
2026-08-13,Boston,116
2026-08-13,Denver,74
2026-08-13,Miami,156
2026-08-14,Boston,126
2026-08-14,Denver,95
2026-08-14,Miami,162
2026-08-15,Boston,154
2026-08-15,Denver,105
2026-08-15,Miami,200
2026-08-16,Boston,145
2026-08-16,Denver,107
2026-08-16,Miami,197
2026-08-17,Boston,123
2026-08-17,Denver,83
2026-08-17,Miami,156
2026-08-18,Boston,124
2026-08-18,Denver,66
2026-08-18,Miami,154
2026-08-19,Boston,108
2026-08-19,Denver,94
2026-08-19,Miami,163
2026-08-20,Boston,126
2026-08-20,Denver,91
2026-08-20,Miami,148
2026-08-21,Boston,109
2026-08-21,Denver,92
2026-08-21,Miami,144
2026-08-22,Boston,144
2026-08-22,Denver,95
2026-08-22,Miami,191
2026-08-23,Boston,165
2026-08-23,Denver,91
2026-08-23,Miami,176
2026-08-24,Boston,122
2026-08-24,Denver,83
2026-08-24,Miami,160
2026-08-25,Boston,124
2026-08-25,Denver,77
2026-08-25,Miami,155
2026-08-26,Boston,120
2026-08-26,Denver,87
2026-08-26,Miami,152
2026-08-27,Boston,135
2026-08-27,Denver,90
2026-08-27,Miami,135
2026-08-28,Boston,127
2026-08-28,Denver,79
2026-08-28,Miami,162
2026-08-29,Boston,165
2026-08-29,Denver,94
2026-08-29,Miami,199
2026-08-30,Boston,139
2026-08-30,Denver,109
2026-08-30,Miami,174
2026-08-31,Boston,129
2026-08-31,Denver,83
2026-08-31,Miami,143
2026-09-01,Boston,112
2026-09-01,Denver,79
2026-09-01,Miami,147
2026-09-02,Boston,116
2026-09-02,Denver,80
2026-09-02,Miami,143
2026-09-03,Boston,115
2026-09-03,Denver,67
2026-09-03,Miami,142
2026-09-04,Boston,121
2026-09-04,Denver,73
2026-09-04,Miami,158
2026-09-05,Boston,139
2026-09-05,Denver,112
2026-09-05,Miami,173
2026-09-06,Boston,144
2026-09-06,Denver,109
2026-09-06,Miami,178
2026-09-07,Boston,134
2026-09-07,Denver,91
2026-09-07,Miami,145
2026-09-08,Boston,130
2026-09-08,Denver,79
2026-09-08,Miami,165
2026-09-09,Boston,114
2026-09-09,Denver,67
2026-09-09,Miami,147
2026-09-10,Boston,118
2026-09-10,Denver,88
2026-09-10,Miami,156
2026-09-11,Boston,116
2026-09-11,Denver,82
2026-09-11,Miami,149
2026-09-12,Boston,135
2026-09-12,Denver,101
2026-09-12,Miami,172
2026-09-13,Boston,136
2026-09-13,Denver,101
2026-09-13,Miami,185
2026-09-14,Boston,133
2026-09-14,Denver,67
2026-09-14,Miami,152
2026-09-15,Boston,133
2026-09-15,Denver,75
2026-09-15,Miami,150
2026-09-16,Boston,135
2026-09-16,Denver,89
2026-09-16,Miami,157
2026-09-17,Boston,105
2026-09-17,Denver,80
2026-09-17,Miami,137
2026-09-18,Boston,130
2026-09-18,Denver,67
2026-09-18,Miami,165
2026-09-19,Boston,146
2026-09-19,Denver,100
2026-09-19,Miami,184
2026-09-20,Boston,143
2026-09-20,Denver,95
2026-09-20,Miami,196
2026-09-21,Boston,127
2026-09-21,Denver,67
2026-09-21,Miami,150
2026-09-22,Boston,125
2026-09-22,Denver,92
2026-09-22,Miami,142
2026-09-23,Boston,126
2026-09-23,Denver,81
2026-09-23,Miami,147
2026-09-24,Boston,119
2026-09-24,Denver,79
2026-09-24,Miami,152
2026-09-25,Boston,120
2026-09-25,Denver,95
2026-09-25,Miami,152
2026-09-26,Boston,139
2026-09-26,Denver,104
2026-09-26,Miami,195
2026-09-27,Boston,155
2026-09-27,Denver,99
2026-09-27,Miami,185
2026-09-28,Boston,128
2026-09-28,Denver,83
2026-09-28,Miami,145
2026-09-29,Boston,131
2026-09-29,Denver,65
2026-09-29,Miami,137
2026-09-30,Boston,111
2026-09-30,Denver,65
2026-09-30,Miami,153
